City_ID,City,Country,Date,Lat,Lng,Max Temp,Humidity,Cloudiness,Wind Speed
0,Jacareacanga,BR,2022-02-09 16:53:58,-6.2222,-57.7528,82.47,69,100,5.44
1,Lata,PT,2022-02-09 16:53:58,40.1629,-8.3327,67.91,48,0,3.2
2,Puerto Ayora,EC,2022-02-09 16:53:59,-0.7393,-90.3518,80.56,71,36,9.48
3,Punta Arenas,CL,2022-02-09 16:53:48,-53.15,-70.9167,53.71,47,40,35.68
4,Villa Maria,AR,2022-02-09 16:54:00,-32.4075,-63.2402,92.5,21,13,12.12
5,Abbeville,FR,2022-02-09 16:54:00,50.1,1.8333,50.49,77,78,3.98
6,Barrow,US,2022-02-09 16:54:00,71.2906,-156.7887,-29.83,99,8,11.18
7,Saint-Philippe,RE,2022-02-09 16:54:01,-21.3585,55.7679,78.39,79,98,8.39
8,Hilo,US,2022-02-09 16:54:01,19.7297,-155.09,66.79,98,94,3.0
9,Mayo,US,2022-02-09 16:54:02,38.8876,-76.5119,52.95,64,0,10.0
10,Lebu,CL,2022-02-09 16:54:02,-37.6167,-73.65,64.51,64,4,18.72
11,Khatanga,RU,2022-02-09 16:54:03,71.9667,102.5,-0.45,90,100,15.26
12,Wanning,CN,2022-02-09 16:54:03,18.8003,110.3967,71.37,93,77,5.37
13,Sao Filipe,CV,2022-02-09 16:54:04,14.8961,-24.4956,77.22,57,5,7.02
14,Koscian,PL,2022-02-09 16:54:04,52.0883,16.6487,48.33,79,100,14.29
15,Aswan,EG,2022-02-09 16:54:05,24.0934,32.907,76.3,10,0,10.36
16,Severo-Kurilsk,RU,2022-02-09 16:54:05,50.6789,156.125,30.78,95,100,18.84
17,Rikitea,PF,2022-02-09 16:54:06,-23.1203,-134.9692,78.62,68,4,16.06
18,Jamestown,US,2022-02-09 16:49:21,42.097,-79.2353,45.72,60,0,12.66
19,Provideniya,RU,2022-02-09 16:54:07,64.3833,-173.3,-15.88,84,1,6.76
20,Kindia,GN,2022-02-09 16:54:07,10.0569,-12.8658,95.49,11,12,5.1
21,Castro,BR,2022-02-09 16:54:08,-24.7911,-50.0119,72.91,70,50,4.34
22,Mana,GF,2022-02-09 16:54:09,5.6592,-53.7767,81.88,67,81,8.41
23,Mayor Pablo Lagerenza,PY,2022-02-09 16:54:09,-19.9309,-60.7718,99.54,15,14,4.5
24,Ribeira Grande,PT,2022-02-09 16:54:09,38.5167,-28.7,63.0,59,20,16.11
25,Albany,US,2022-02-09 16:52:02,42.6001,-73.9662,41.58,58,8,3.0
26,Hermanus,ZA,2022-02-09 16:51:25,-34.4187,19.2345,76.89,75,0,14.79
27,Makakilo City,US,2022-02-09 16:54:10,21.3469,-158.0858,71.92,88,20,0.0
28,Mataura,NZ,2022-02-09 16:54:11,-46.1927,168.8643,59.49,99,100,1.99
29,Kapaa,US,2022-02-09 16:54:11,22.0752,-159.319,69.19,59,22,9.98
30,Yarmouth,US,2022-02-09 16:54:12,41.7057,-70.2286,41.61,58,0,8.05
31,Dikson,RU,2022-02-09 16:54:12,73.5069,80.5464,-0.49,94,100,20.83
32,Brae,GB,2022-02-09 16:54:12,60.3964,-1.353,40.91,60,79,31.12
33,Johannesburg,ZA,2022-02-09 16:54:13,-26.2023,28.0436,76.39,52,12,1.01
34,Merauke,ID,2022-02-09 16:54:13,-8.4667,140.3333,79.54,84,89,4.7
35,Hithadhoo,MV,2022-02-09 16:54:14,-0.6,73.0833,83.01,70,68,14.47
36,Port Alfred,ZA,2022-02-09 16:54:14,-33.5906,26.891,71.56,75,0,11.86
37,Richards Bay,ZA,2022-02-09 16:54:15,-28.783,32.0377,73.76,82,0,3.56
38,Burias,PH,2022-02-09 16:54:15,11.4463,122.5497,73.38,89,49,3.02
39,Hobart,AU,2022-02-09 16:52:32,-42.8794,147.3294,64.26,81,100,3.44
40,Kahului,US,2022-02-09 16:54:16,20.8947,-156.47,72.84,82,17,10.0
41,Dalby,AU,2022-02-09 16:54:16,-27.1833,151.2667,64.98,85,0,5.91
42,Victor Harbor,AU,2022-02-09 16:54:17,-35.5667,138.6167,63.81,72,73,1.99
43,Bambous Virieux,MU,2022-02-09 16:54:17,-20.3428,57.7575,79.05,73,40,0.0
44,Georgetown,MY,2022-02-09 16:54:18,5.4112,100.3354,80.89,93,20,0.0
45,Bilibino,RU,2022-02-09 16:54:18,68.0546,166.4372,-34.78,99,64,1.01
46,Constitucion,CL,2022-02-09 16:55:18,-35.3333,-72.4167,70.07,65,11,10.85
47,Bambanglipuro,ID,2022-02-09 16:55:19,-7.95,110.2833,78.03,87,99,12.12
48,Atuona,PF,2022-02-09 16:55:19,-9.8,-139.0333,78.06,77,24,18.66
49,Raciborz,PL,2022-02-09 16:55:20,50.0919,18.2193,46.44,86,33,9.26
50,Dhidhdhoo,MV,2022-02-09 16:55:20,6.8833,73.1,81.07,74,63,11.83
51,Ilulissat,GL,2022-02-09 16:55:21,69.2167,-51.1,11.28,73,100,10.67
52,Saskylakh,RU,2022-02-09 16:55:21,71.9167,114.0833,-10.79,97,39,6.93
53,Busselton,AU,2022-02-09 16:55:21,-33.65,115.3333,63.09,67,11,13.53
54,Norman Wells,CA,2022-02-09 16:55:22,65.282,-126.8329,-9.36,59,75,19.57
55,Lufilufi,WS,2022-02-09 16:55:23,-13.8745,-171.5986,73.18,75,100,11.81
56,Gizo,SB,2022-02-09 16:55:23,-8.103,156.8419,81.77,79,93,10.11
57,Tasiilaq,GL,2022-02-09 16:55:23,65.6145,-37.6368,0.61,66,53,8.39
58,Porto Novo,BJ,2022-02-09 16:54:38,6.4965,2.6036,87.62,64,18,10.71
59,Pangody,RU,2022-02-09 16:55:24,65.85,74.4859,-3.15,96,22,11.72
60,Thompson,CA,2022-02-09 16:55:25,55.7435,-97.8558,-3.84,71,75,6.91
61,Itoman,JP,2022-02-09 16:55:25,26.1247,127.6694,63.37,79,75,5.75
62,Atascadero,US,2022-02-09 16:54:40,35.4894,-120.6707,68.45,41,0,7.49
63,Selikhino,RU,2022-02-09 16:55:26,50.3672,137.4996,-13.92,100,83,2.39
64,Tarbagatay,RU,2022-02-09 16:55:26,51.4803,107.3602,6.33,99,99,1.23
65,Cape Town,ZA,2022-02-09 16:50:55,-33.9258,18.4232,77.11,68,0,16.11
66,Kenora,CA,2022-02-09 16:55:27,49.8167,-94.4337,17.58,85,100,10.36
67,Kathmandu,NP,2022-02-09 16:55:27,27.7167,85.3167,52.02,76,75,4.61
68,Qaanaaq,GL,2022-02-09 16:55:28,77.484,-69.3632,-22.18,76,80,5.93
69,Carnarvon,AU,2022-02-09 16:55:28,-24.8667,113.6333,77.07,73,0,17.27
70,Srednekolymsk,RU,2022-02-09 16:55:29,67.45,153.6833,-43.42,99,69,6.15
71,Lompoc,US,2022-02-09 16:55:29,34.6391,-120.4579,82.13,43,20,9.22
72,Fortuna,US,2022-02-09 16:55:30,40.5982,-124.1573,45.52,87,0,6.91
73,Ahipara,NZ,2022-02-09 16:55:30,-35.1667,173.1667,68.95,95,11,8.12
74,Grindavik,IS,2022-02-09 16:55:30,63.8424,-22.4338,30.15,69,40,23.02
75,Paamiut,GL,2022-02-09 16:55:31,61.994,-49.6678,21.38,81,100,21.54
76,Arraial Do Cabo,BR,2022-02-09 16:55:31,-22.9661,-42.0278,75.16,83,75,8.05
77,Naze,JP,2022-02-09 16:55:32,28.3667,129.4833,57.04,87,99,4.34
78,Maceio,BR,2022-02-09 16:55:32,-9.6658,-35.7353,90.84,51,40,14.97
79,Udimskiy,RU,2022-02-09 16:55:33,61.1417,45.9144,23.27,96,100,6.96
80,Lagoa,PT,2022-02-09 16:55:33,39.05,-27.9833,59.2,71,7,13.13
81,Flinders,AU,2022-02-09 16:55:33,-34.5833,150.8552,70.81,79,12,5.01
82,Zhangjiakou,CN,2022-02-09 16:55:34,40.81,114.8794,22.44,55,3,3.29
83,Esperance,AU,2022-02-09 16:55:34,-33.8667,121.9,60.64,82,28,9.08
84,Vila Velha,BR,2022-02-09 16:54:58,-20.3297,-40.2925,76.95,83,40,17.27
85,Upernavik,GL,2022-02-09 16:53:33,72.7868,-56.1549,-12.21,66,95,8.93
86,Krasnofarfornyy,RU,2022-02-09 16:55:35,59.1364,31.8502,25.3,97,63,7.02
87,Bluff,NZ,2022-02-09 16:55:36,-46.6,168.3333,59.81,98,100,4.03
88,Suzun,RU,2022-02-09 16:55:36,53.7841,82.3116,-4.0,93,6,6.82
89,Port Elizabeth,ZA,2022-02-09 16:55:37,-33.918,25.5701,73.09,68,0,18.41
90,Yining,CN,2022-02-09 16:55:37,29.0361,114.5636,38.86,96,100,2.1
91,Barbosa Ferraz,BR,2022-02-09 16:55:37,-24.03,-52.0117,86.29,47,70,1.25
92,Namtsy,RU,2022-02-09 16:55:38,62.7161,129.6658,-30.89,100,85,3.85
93,Suntar,RU,2022-02-09 16:55:38,62.1444,117.6319,-25.62,100,100,1.59
94,Airai,TL,2022-02-09 16:56:39,-8.9266,125.4092,62.02,92,100,1.41
95,Cancun,MX,2022-02-09 16:52:07,21.1743,-86.8466,75.06,78,15,11.41
96,Dongsheng,CN,2022-02-09 16:56:40,39.8161,109.9776,19.83,55,0,10.63
97,Tabas,IR,2022-02-09 16:56:40,33.5959,56.9244,55.45,24,24,5.95
98,Muisne,EC,2022-02-09 16:56:41,0.6,-80.0333,84.31,80,99,8.21
99,Ketchikan,US,2022-02-09 16:55:58,55.3422,-131.6461,46.38,98,100,9.55
100,Khandyga,RU,2022-02-09 16:56:41,62.6667,135.6,-37.1,100,55,0.36
101,Panguipulli,CL,2022-02-09 16:56:42,-39.6333,-72.3333,69.51,27,17,5.1
102,Treinta Y Tres,UY,2022-02-09 16:56:42,-33.2333,-54.3833,78.66,44,18,6.46
103,Yarada,IN,2022-02-09 16:56:43,17.65,83.2667,71.92,83,20,2.3
104,Nikolskoye,RU,2022-02-09 16:56:43,59.7035,30.7861,31.91,94,56,7.36
105,New Norfolk,AU,2022-02-09 16:56:44,-42.7826,147.0587,63.9,67,87,1.01
106,Senno,RU,2022-02-09 16:56:44,59.5336,33.9167,20.07,97,81,5.46
107,Mount Isa,AU,2022-02-09 16:56:45,-20.7333,139.5,76.77,78,3,0.0
108,Port Hedland,AU,2022-02-09 16:56:45,-20.3167,118.5667,80.65,83,66,4.61
109,Hambantota,LK,2022-02-09 16:56:46,6.1241,81.1185,76.33,77,41,4.85
110,La Union,PE,2022-02-09 16:56:46,-5.4,-80.75,83.98,42,100,6.46
111,Ushuaia,AR,2022-02-09 16:55:26,-54.8,-68.3,56.86,41,40,14.97
112,Bogandinskiy,RU,2022-02-09 16:56:47,56.8937,65.8938,16.07,96,37,6.71
113,Pangnirtung,CA,2022-02-09 16:56:47,66.1451,-65.7125,-13.0,64,20,0.0
114,Korla,CN,2022-02-09 16:56:48,41.7597,86.1469,27.23,44,100,2.68
115,Yarovoye,RU,2022-02-09 16:56:48,52.9273,78.58,-7.62,98,8,5.68
116,Lujan,AR,2022-02-09 16:56:49,-34.5703,-59.105,83.01,50,0,4.0
117,Kodiak,US,2022-02-09 16:56:49,57.79,-152.4072,24.31,74,75,20.71
118,Tambovka,RU,2022-02-09 16:56:50,50.0969,128.0489,-0.09,96,100,5.5
119,Bengkulu,ID,2022-02-09 16:56:50,-3.8004,102.2655,77.38,83,100,3.98
120,Narsaq,GL,2022-02-09 16:56:51,60.9167,-46.05,12.25,63,98,9.69
121,Hibbing,US,2022-02-09 16:56:51,47.4272,-92.9377,22.5,49,100,24.16
122,Marzuq,YE,2022-02-09 16:56:52,14.4,46.4667,64.56,39,0,2.08
123,Bairiki,KI,2022-02-09 16:56:52,1.3292,172.9752,81.36,78,59,15.39
124,Chapais,CA,2022-02-09 16:56:52,49.7834,-74.8492,20.98,85,100,9.82
125,Saint-Georges,GD,2022-02-09 16:55:38,12.0564,-61.7485,85.68,66,40,11.5
126,Strezhevoy,RU,2022-02-09 16:56:53,60.7333,77.5889,-7.02,99,22,5.46
127,Port-Gentil,GA,2022-02-09 16:56:53,-0.7193,8.7815,84.16,79,40,9.22
128,Mae Sai,TH,2022-02-09 16:56:54,20.4335,99.8762,63.9,61,6,2.35
129,Teguldet,RU,2022-02-09 16:56:54,57.3064,88.1667,-12.69,98,7,4.52
130,Chuy,UY,2022-02-09 16:56:55,-33.6971,-53.4616,75.87,53,48,8.1
131,Comodoro Rivadavia,AR,2022-02-09 16:56:55,-45.8667,-67.5,73.26,31,20,11.5
132,Kokopo,PG,2022-02-09 16:56:56,-4.352,152.2633,78.51,81,66,4.03
133,Geraldton,AU,2022-02-09 16:56:56,-28.7667,114.6,68.41,83,0,10.36
134,Longyearbyen,SJ,2022-02-09 16:56:57,78.2186,15.6401,8.44,72,75,9.22
135,Iqaluit,CA,2022-02-09 16:56:57,63.7506,-68.5145,-18.31,68,20,16.11
136,Tabou,CI,2022-02-09 16:56:58,4.423,-7.3528,82.56,73,63,10.33
137,Bonthe,SL,2022-02-09 16:57:58,7.5264,-12.505,83.97,67,23,13.49
138,Kaitangata,NZ,2022-02-09 16:57:59,-46.2817,169.8464,58.23,99,100,8.43
139,Alice Springs,AU,2022-02-09 16:54:13,-23.7,133.8833,71.15,83,23,0.0
140,Bredasdorp,ZA,2022-02-09 16:57:59,-34.5322,20.0403,78.12,47,0,21.85
141,Luderitz,NA,2022-02-09 16:58:00,-26.6481,15.1594,77.22,50,1,21.12
142,Ostrovnoy,RU,2022-02-09 16:58:00,68.0531,39.5131,24.06,85,100,25.43
143,Florence,IT,2022-02-09 16:58:01,43.7667,11.25,54.68,79,17,3.0
144,Verkhnevilyuysk,RU,2022-02-09 16:58:01,63.4453,120.3167,-37.95,100,83,1.34
145,Canutama,BR,2022-02-09 16:58:02,-6.5339,-64.3831,73.87,97,100,2.44
146,Saint-Leu,RE,2022-02-09 16:58:02,-21.15,55.2833,77.86,78,81,5.12
147,Ryotsu,JP,2022-02-09 16:58:03,38.0833,138.4333,38.03,66,100,8.16
148,Chokurdakh,RU,2022-02-09 16:58:03,70.6333,147.9167,-38.0,99,86,8.66
149,Komsomolskiy,UZ,2022-02-09 16:58:03,40.4272,71.7189,36.82,75,100,6.91
150,Mahebourg,MU,2022-02-09 16:55:08,-20.4081,57.7,79.09,73,40,0.0
151,Kuryk,KZ,2022-02-09 16:58:04,43.2,51.65,45.19,54,56,24.7
152,Ugoofaaru,MV,2022-02-09 16:58:05,5.6667,73.0,81.45,70,70,9.08
153,Ponta Do Sol,PT,2022-02-09 16:58:05,32.6667,-17.1,74.01,80,100,4.65
154,Hue,VN,2022-02-09 16:58:06,16.4667,107.6,68.11,100,75,3.44
155,Mendoza,AR,2022-02-09 16:56:30,-32.8908,-68.8272,85.53,35,0,6.91
156,Campoverde,PE,2022-02-09 16:58:06,-8.4753,-74.8058,85.69,94,99,3.8
157,Guadalupe Y Calvo,MX,2022-02-09 16:58:07,26.1,-106.9667,53.67,18,67,4.16
158,Saldanha,ZA,2022-02-09 16:58:07,-33.0117,17.9442,75.25,82,31,8.41
159,Kavieng,PG,2022-02-09 16:58:08,-2.5744,150.7967,80.96,80,47,4.85
160,Bethel,US,2022-02-09 16:58:08,41.3712,-73.414,42.48,59,0,1.01
161,Saint Anthony,US,2022-02-09 16:58:08,45.0205,-93.218,35.65,71,100,18.41
162,Methoni,GR,2022-02-09 16:58:09,36.8197,21.7049,51.22,52,0,8.57
163,Escanaba,US,2022-02-09 16:57:33,45.7453,-87.0646,36.95,83,100,10.0
164,Whithorn,JM,2022-02-09 16:58:09,18.2604,-78.0378,79.86,48,3,3.83
165,Port-Cartier,CA,2022-02-09 16:58:10,50.0334,-66.8654,34.75,95,80,4.65
166,Nizhniy Odes,RU,2022-02-09 16:58:10,63.6445,54.856,15.13,86,25,12.55
167,Saint-Joseph,RE,2022-02-09 16:58:11,-21.3667,55.6167,77.38,78,98,8.84
168,Cururupu,BR,2022-02-09 16:58:11,-1.8283,-44.8683,83.95,75,45,4.74
169,Port Antonio,JM,2022-02-09 16:58:12,18.18,-76.4612,85.91,66,6,7.72
170,Quatre Cocos,MU,2022-02-09 16:55:07,-20.2078,57.7625,78.91,73,28,9.19
171,Sechura,PE,2022-02-09 16:58:12,-5.5569,-80.8222,80.28,53,100,6.04
172,Codrington,AU,2022-02-09 16:58:13,-38.2667,141.9667,56.5,91,79,6.06
173,Garden City,US,2022-02-09 16:58:13,42.3256,-83.331,41.25,76,100,11.39
174,Abrau-Dyurso,RU,2022-02-09 16:58:14,44.69,37.59,33.26,75,79,8.39
175,Pevek,RU,2022-02-09 16:58:14,69.7008,170.3133,-32.31,99,100,5.37
176,Tiksi,RU,2022-02-09 16:58:15,71.6872,128.8694,-14.42,94,100,12.46
177,Kalamazoo,US,2022-02-09 16:54:29,42.2506,-85.55,39.65,72,21,11.39
178,Tautira,PF,2022-02-09 16:58:15,-17.7333,-149.15,77.02,78,78,17.29
179,Sussex,US,2022-02-09 16:56:52,41.1834,-74.6663,43.56,51,2,8.01
180,Ancud,CL,2022-02-09 16:58:16,-41.8697,-73.8203,68.23,60,64,9.84
181,Payson,US,2022-02-09 16:58:17,40.0444,-111.7321,44.55,58,11,0.45
182,Yellowknife,CA,2022-02-09 16:56:43,62.456,-114.3525,-12.48,70,100,10.36
183,Leningradskiy,RU,2022-02-09 16:58:17,69.3833,178.4167,-26.12,94,95,9.44
184,Avarua,CK,2022-02-09 16:59:18,-21.2078,-159.775,77.05,88,99,4.61
185,Lavumisa,SZ,2022-02-09 16:59:18,-27.31,31.892,92.52,82,3,4.68
186,Angoche,MZ,2022-02-09 16:59:19,-16.2325,39.9086,80.53,78,95,5.32
187,Tezu,IN,2022-02-09 16:59:19,27.9167,96.1667,57.54,77,96,3.49
188,Xingcheng,CN,2022-02-09 16:59:20,40.6167,120.7167,20.28,85,13,3.96
189,Bone,DE,2022-02-09 16:59:20,51.9669,12.1396,50.25,77,100,11.14
190,Berlevag,NO,2022-02-09 16:59:21,70.8578,29.0864,23.0,74,0,32.21
191,Sfantu Gheorghe,RO,2022-02-09 16:58:18,45.8667,25.7833,34.66,96,100,4.85
192,Macenta,GN,2022-02-09 16:59:21,8.5435,-9.471,95.5,12,5,3.67
193,Necochea,AR,2022-02-09 16:59:22,-38.5473,-58.7368,81.03,36,54,8.55
194,Katsuura,JP,2022-02-09 16:59:22,35.1333,140.3,45.19,70,100,14.99
195,Mafinga,TZ,2022-02-09 16:59:23,-7.25,35.0667,67.51,93,100,3.98
196,Dezhou,CN,2022-02-09 16:59:23,37.4486,116.2925,36.27,62,1,5.55
197,San Patricio,US,2022-02-09 16:59:23,28.017,-97.5169,66.29,38,0,4.88
198,Klaksvik,FO,2022-02-09 16:59:24,62.2266,-6.589,32.92,94,98,20.0
199,Nuuk,GL,2022-02-09 16:59:24,64.1835,-51.7216,20.88,92,100,54.0
200,Marquette,US,2022-02-09 16:59:25,46.5333,-87.6335,31.82,63,100,11.72
201,Te Anau,NZ,2022-02-09 16:59:25,-45.4167,167.7167,59.9,96,89,2.26
202,Racine,US,2022-02-09 16:59:26,42.7495,-88.0751,39.42,76,100,12.66
203,Krasnaya Zarya,RU,2022-02-09 16:59:26,52.7825,37.6806,13.19,99,72,5.17
204,Davila,PH,2022-02-09 16:59:26,18.4726,120.5763,77.0,83,50,16.58
205,Dunmore Town,BS,2022-02-09 16:59:27,25.5,-76.65,74.95,78,10,4.32
206,Ocampo,MX,2022-02-09 16:59:27,21.65,-101.5,59.0,28,0,9.31
207,Kalabagh,PK,2022-02-09 16:59:28,32.965,71.557,57.43,41,0,0.65
208,Nesna,NO,2022-02-09 16:59:28,66.1967,13.0213,35.71,72,100,28.01
209,Novaya Igirma,RU,2022-02-09 16:59:29,57.1334,103.9112,-20.92,100,100,1.99
210,Dingle,PH,2022-02-09 16:59:24,10.9995,122.6711,74.34,85,80,8.23
211,Noumea,NC,2022-02-09 16:59:29,-22.2763,166.4572,82.0,99,100,9.33
212,Adrar,MR,2022-02-09 16:59:30,20.5022,-10.0711,83.23,6,19,16.2
213,Vaini,TO,2022-02-09 16:59:30,-21.2,-175.2,78.96,94,20,8.05
214,Manokwari,ID,2022-02-09 16:59:31,-0.8667,134.0833,77.76,84,100,8.81
215,Lago Da Pedra,BR,2022-02-09 16:59:31,-4.3333,-45.1667,83.64,79,68,4.97
216,Cherskiy,RU,2022-02-09 16:59:01,68.75,161.3,-44.5,100,75,4.14
217,Smidovich,RU,2022-02-09 16:59:32,48.6,133.8167,-2.29,97,100,5.26
218,Caravelas,BR,2022-02-09 16:59:32,-17.7125,-39.2481,85.93,59,66,10.45
219,Butaritari,KI,2022-02-09 16:59:33,3.0707,172.7902,81.43,79,97,15.41
220,Axim,GH,2022-02-09 16:59:33,4.8699,-2.2405,82.6,72,33,10.6
221,Isangel,VU,2022-02-09 16:59:34,-19.55,169.2667,78.91,100,100,26.46
222,Hofn,IS,2022-02-09 16:59:34,64.2539,-15.2082,26.62,63,40,23.02
223,Dalnerechensk,RU,2022-02-09 16:59:34,45.9339,133.7225,-3.95,100,61,3.44
224,Sorland,NO,2022-02-09 16:59:35,67.667,12.6934,35.46,61,83,27.83
225,Tengushevo,RU,2022-02-09 16:59:35,54.7686,42.7189,18.03,96,100,3.94
226,Poum,NC,2022-02-09 16:59:36,-20.2333,164.0167,81.25,87,100,28.34
227,Antofagasta,CL,2022-02-09 16:59:36,-23.65,-70.4,72.21,62,45,8.97
228,Bosaso,SO,2022-02-09 16:59:37,11.2842,49.1816,75.72,64,5,9.44
229,Yulara,AU,2022-02-09 16:59:37,-25.2406,130.9889,78.64,47,2,6.91
230,Cristalina,BR,2022-02-09 16:59:38,-16.7686,-47.6136,74.34,69,99,4.59
231,Kieta,PG,2022-02-09 16:59:38,-6.2167,155.6333,79.2,85,100,3.98
232,Barabai,ID,2022-02-09 16:59:39,-2.5833,115.3833,74.01,95,100,0.83
233,Kjollefjord,NO,2022-02-09 17:00:39,70.9457,27.3465,24.85,74,0,26.46
234,Shingu,JP,2022-02-09 17:00:39,33.7333,135.9833,42.91,74,99,4.12
235,Turbat,PK,2022-02-09 17:00:40,26.0023,63.044,70.39,14,0,10.02
236,Tura,IN,2022-02-09 17:00:40,25.5198,90.2201,56.52,64,0,3.85
237,Kailua,US,2022-02-09 17:00:41,21.4022,-157.7394,72.75,83,41,1.99
238,East London,ZA,2022-02-09 17:00:33,-33.0153,27.9116,73.53,71,0,7.2
239,Nakhon Si Thammarat,TH,2022-02-09 17:00:42,8.25,100.0,75.18,93,61,3.0
240,Casma,CL,2022-02-09 17:00:42,-41.0082,-73.1244,71.47,29,98,6.22
241,Cumberland,US,2022-02-09 17:00:35,35.0502,-78.8664,57.31,40,0,3.44
242,Waingapu,ID,2022-02-09 17:00:43,-9.6567,120.2641,78.75,84,97,4.97
243,Kavaratti,IN,2022-02-09 17:00:44,10.5669,72.642,80.01,69,79,13.02
244,Mar Del Plata,AR,2022-02-09 16:56:41,-38.0023,-57.5575,78.82,69,0,11.01
245,Boda,CF,2022-02-09 17:00:44,4.3189,17.4695,86.88,14,46,3.71
246,Vestmannaeyjar,IS,2022-02-09 17:00:45,63.4427,-20.2734,30.11,66,46,22.26
247,Celestun,MX,2022-02-09 17:00:45,20.8667,-90.4,72.23,61,84,11.9
248,Salalah,OM,2022-02-09 17:00:46,17.0151,54.0924,70.59,27,2,9.46
249,Bandarbeyla,SO,2022-02-09 17:00:46,9.4942,50.8122,75.43,67,4,19.35
250,Owando,CG,2022-02-09 17:00:47,-0.4819,15.8999,89.24,28,48,1.34
251,Srandakan,ID,2022-02-09 17:00:47,-7.9386,110.2506,78.3,87,99,12.35
252,Mareeba,AU,2022-02-09 17:00:48,-17.0,145.4333,68.72,96,22,1.63
253,Rosarno,IT,2022-02-09 17:00:49,38.4841,15.979,56.16,67,0,3.02
254,Kinango,KE,2022-02-09 17:00:49,-4.1372,39.3153,75.0,88,96,10.85
255,Demba,CD,2022-02-09 17:00:49,-5.51,22.2667,74.23,84,100,1.48
256,Rosarito,MX,2022-02-09 17:00:50,32.3333,-117.0333,75.63,26,5,6.13
257,Krasnovishersk,RU,2022-02-09 17:00:50,60.4078,57.082,12.52,86,23,9.95
258,Qasigiannguit,GL,2022-02-09 17:00:51,68.8193,-51.1922,10.65,67,100,20.2
259,Eenhana,NA,2022-02-09 17:00:51,-17.4667,16.3333,76.93,56,96,0.96
260,Sherbrooke,CA,2022-02-09 16:57:55,45.4001,-71.8991,33.08,61,20,9.22
261,Vuktyl,RU,2022-02-09 17:00:52,63.8567,57.3094,9.03,81,5,8.34
262,Sangar,RU,2022-02-09 17:00:52,63.9242,127.4739,-32.91,99,100,2.91
263,Heyang,CN,2022-02-09 17:00:53,26.1011,107.473,36.63,90,100,2.01
264,Santa Cruz,BO,2022-02-09 16:58:57,-17.8,-63.1667,89.65,37,25,10.36
265,Margate,GB,2022-02-09 17:00:53,51.3813,1.3862,53.46,76,100,5.01
266,Volchikha,RU,2022-02-09 17:00:54,52.0333,80.3833,-9.06,100,28,5.28
267,Ales,FR,2022-02-09 17:00:54,44.1333,4.0833,54.3,74,89,1.9
268,Sola,VU,2022-02-09 17:00:55,-13.8833,167.55,81.64,80,100,27.4
269,Tuktoyaktuk,CA,2022-02-09 17:00:56,69.4541,-133.0374,-26.39,93,100,15.01
270,Sakaraha,MG,2022-02-09 17:00:56,-22.9,44.5333,75.15,76,49,8.46
271,Bagua Grande,PE,2022-02-09 17:00:56,-5.7561,-78.4411,81.7,66,100,1.59
272,Urumqi,CN,2022-02-09 17:00:08,43.801,87.6005,2.35,85,90,4.47
273,Kibala,TD,2022-02-09 17:00:57,9.1104,18.3463,87.89,11,37,4.36
274,Port Blair,IN,2022-02-09 17:00:58,11.6667,92.75,78.04,76,50,10.8
275,Phak Hai,TH,2022-02-09 17:00:58,14.4574,100.3699,88.12,71,71,6.62
276,Beringovskiy,RU,2022-02-09 17:00:59,63.05,179.3167,-20.29,88,9,8.77
277,Nieuw Nickerie,SR,2022-02-09 17:00:59,5.95,-56.9833,81.68,63,71,8.93
278,Vostok,RU,2022-02-09 17:00:59,46.4856,135.8833,-4.59,98,54,4.34
279,Talaya,RU,2022-02-09 17:01:00,61.3833,152.75,-33.65,87,90,1.28
280,Grand-Santi,GF,2022-02-09 17:02:01,4.25,-54.3833,89.73,47,99,2.95
281,Pacific Grove,US,2022-02-09 16:58:31,36.6177,-121.9166,65.44,44,0,7.0
282,Matamoros,MX,2022-02-09 16:57:31,25.5333,-103.25,51.12,34,4,2.13
283,Okhotsk,RU,2022-02-09 17:02:02,59.3833,143.3,6.6,81,100,8.99
284,Hamilton,US,2022-02-09 17:00:56,39.1834,-84.5333,49.01,57,90,3.0
285,Wamba,NG,2022-02-09 17:02:03,8.9333,8.6,92.17,12,29,5.41
286,Gofitskoye,RU,2022-02-09 17:02:03,45.0792,43.0464,39.13,96,100,15.19
287,Port Lincoln,AU,2022-02-09 16:59:20,-34.7333,135.8667,60.94,70,90,6.51
288,Maues,BR,2022-02-09 17:02:04,-3.3836,-57.7186,79.43,91,98,3.29
289,Clyde River,CA,2022-02-09 16:59:03,70.4692,-68.5914,-21.77,69,75,23.02
290,Charlestown,AU,2022-02-09 17:02:05,-32.95,151.6667,69.73,85,6,3.0
291,Port Hawkesbury,CA,2022-02-09 17:02:06,45.6169,-61.3485,32.92,88,100,25.01
292,Lavrentiya,RU,2022-02-09 17:02:06,65.5833,-171.0,-25.65,92,57,6.67
293,Buxton,GB,2022-02-09 17:02:07,53.2574,-1.9098,44.24,79,66,1.01
294,Ouadda,CF,2022-02-09 17:02:07,8.0777,22.4007,82.31,16,91,5.86
295,Artyom,AZ,2022-02-09 17:02:07,40.4723,50.333,55.54,74,0,31.18
296,Uglovka,RU,2022-02-09 17:02:08,58.2392,33.5108,28.62,93,96,9.33
297,Toora-Khem,RU,2022-02-09 17:02:08,52.4675,96.11,-19.73,100,80,1.52
298,Kontagora,NG,2022-02-09 17:02:09,10.3999,5.4695,93.97,9,100,4.61
299,Torbay,CA,2022-02-09 16:59:50,47.6666,-52.7314,43.57,90,75,18.41
300,Cayenne,GF,2022-02-09 17:00:43,4.9333,-52.3333,77.04,90,75,4.61
301,Vila Franca Do Campo,PT,2022-02-09 17:02:10,37.7167,-25.4333,65.19,66,8,10.89
302,Zhigansk,RU,2022-02-09 17:02:10,66.7697,123.3711,-30.51,97,100,6.87
303,Gambela,ET,2022-02-09 17:02:11,8.25,34.5833,90.68,24,13,4.03
304,Kununurra,AU,2022-02-09 16:57:22,-15.7667,128.7333,78.78,94,70,2.3
305,Plettenberg Bay,ZA,2022-02-09 17:02:11,-34.0527,23.3716,70.25,66,1,5.1
306,La Baule-Escoublac,FR,2022-02-09 17:02:12,47.2922,-2.364,45.0,89,100,2.3
307,Salekhard,RU,2022-02-09 17:02:12,66.53,66.6019,-11.18,100,98,3.38
308,Auki,SB,2022-02-09 17:02:13,-8.7676,160.7034,78.39,86,100,8.41
309,Aden,YE,2022-02-09 17:00:04,12.7794,45.0367,77.16,69,1,14.29
310,Amazar,RU,2022-02-09 17:02:14,53.858,120.875,-5.73,98,99,3.33
311,Savonlinna,FI,2022-02-09 17:02:14,61.8699,28.88,30.25,86,100,17.27
312,Port Macquarie,AU,2022-02-09 17:02:15,-31.4333,152.9167,59.9,83,21,5.12
313,Guerrero Negro,MX,2022-02-09 17:02:15,27.9769,-114.0611,66.18,35,46,2.64
314,Lucea,JM,2022-02-09 17:02:16,18.451,-78.1736,80.85,63,2,3.83
315,Hami,CN,2022-02-09 17:01:18,42.8,93.45,27.48,37,93,2.82
316,Fort-Shevchenko,KZ,2022-02-09 17:02:17,44.5086,50.263,42.91,59,78,20.58
317,La Palma,US,2022-02-09 17:02:17,33.8464,-118.0467,80.94,37,0,3.44
318,Salamiyah,SY,2022-02-09 17:02:18,35.0113,37.0532,48.58,88,34,20.49
319,Sioux Lookout,CA,2022-02-09 17:02:18,50.1001,-91.917,16.18,79,100,19.57
320,Belaya Gora,RU,2022-02-09 17:02:19,68.5333,146.4167,-45.08,99,70,5.7
321,Quang Ngai,VN,2022-02-09 17:01:55,15.1167,108.8,72.23,92,52,2.73
322,Vilhena,BR,2022-02-09 17:02:19,-12.7406,-60.1458,70.72,93,100,1.74
323,Puerto Escondido,MX,2022-02-09 17:02:20,15.85,-97.0667,85.03,74,0,3.44
324,Victoria,HK,2022-02-09 17:01:54,22.2855,114.1577,63.95,86,100,5.99
325,Tuatapere,NZ,2022-02-09 17:02:21,-46.1333,167.6833,59.83,97,77,0.89
326,Samoded,RU,2022-02-09 17:03:21,63.6083,40.5111,22.44,96,99,5.73
327,Darhan,MN,2022-02-09 17:03:22,49.4867,105.9228,-0.49,93,100,4.97
328,Asbury Park,US,2022-02-09 17:03:22,40.2204,-74.0121,46.72,52,0,10.36
329,Sao Joao Da Barra,BR,2022-02-09 16:58:25,-21.6403,-41.0511,77.09,90,100,12.95
330,Muros,ES,2022-02-09 17:03:23,42.7762,-9.0603,63.1,78,0,7.94
331,Terney,RU,2022-02-09 17:03:23,45.0503,136.6092,14.61,76,40,6.22
332,Norrtalje,SE,2022-02-09 17:02:17,59.758,18.705,41.43,76,60,14.29
333,Kamaishi,JP,2022-02-09 16:59:25,39.2667,141.8833,33.94,67,99,3.31
334,Bridlington,GB,2022-02-09 17:03:24,54.0831,-0.1919,46.89,69,93,7.0
335,Alugan,PH,2022-02-09 17:03:25,12.2188,125.4808,78.69,80,100,12.59
336,Faya,SA,2022-02-09 17:03:26,18.3851,42.4509,58.69,73,6,6.06
337,Simbahan,PH,2022-02-09 17:03:26,6.3032,120.5836,81.09,81,96,14.23
338,Matara,LK,2022-02-09 17:03:27,5.9485,80.5353,76.6,82,51,5.08
339,Hasaki,JP,2022-02-09 17:03:27,35.7333,140.8333,39.6,60,93,12.59
340,Nouadhibou,MR,2022-02-09 16:58:59,20.931,-17.0347,87.78,12,0,6.91
341,Muzhi,RU,2022-02-09 17:03:28,65.3667,64.6667,-3.03,100,65,6.42
342,Cidreira,BR,2022-02-09 16:59:33,-30.1811,-50.2056,75.33,56,34,10.38
343,Tiznit,MA,2022-02-09 17:03:28,29.5833,-9.5,73.53,16,11,10.65
344,Bonavista,CA,2022-02-09 17:01:44,48.6499,-53.1147,40.12,91,100,16.98
345,Cabedelo,BR,2022-02-09 17:01:06,-6.9811,-34.8339,83.35,63,58,10.51
346,Revda,RU,2022-02-09 17:03:29,56.801,59.9303,9.41,100,91,3.56
347,Mercedes,AR,2022-02-09 16:59:12,-34.6515,-59.4307,82.85,24,0,6.69
348,Samokov,BG,2022-02-09 17:03:30,42.3333,23.55,36.68,91,49,4.23
349,Thongwa,MM,2022-02-09 17:03:30,16.7619,96.5278,75.36,48,2,7.58
350,Amos,CA,2022-02-09 17:03:31,48.5669,-78.1162,23.18,92,99,10.8
351,Kabinda,CD,2022-02-09 17:03:31,-6.1333,24.4833,69.87,90,100,3.8
352,Huarmey,PE,2022-02-09 17:03:32,-10.0681,-78.1522,75.29,70,81,9.44
353,Quelimane,MZ,2022-02-09 17:03:32,-17.8786,36.8883,77.83,76,4,6.04
354,Katangli,RU,2022-02-09 17:03:33,51.7102,143.2326,9.36,92,100,9.64
355,Praia,CV,2022-02-09 17:03:33,14.9215,-23.5087,82.94,39,0,17.27
356,Skegness,GB,2022-02-09 17:03:33,53.1436,0.3363,48.34,71,75,10.8
357,Talnakh,RU,2022-02-09 17:01:47,69.4865,88.3972,-13.92,93,97,10.18
358,Haines Junction,CA,2022-02-09 17:03:34,60.7522,-137.5108,31.14,97,100,5.79
359,Ternate,ID,2022-02-09 17:03:34,0.8,127.4,79.38,83,98,5.5
360,Churapcha,RU,2022-02-09 17:03:35,62.0025,132.4325,-27.24,99,92,2.91
361,Kimberley,ZA,2022-02-09 17:03:35,-28.7323,24.7623,83.77,27,62,10.18
362,Teya,RU,2022-02-09 17:03:36,60.3778,92.6267,-4.49,96,80,0.74
363,Weyburn,CA,2022-02-09 16:59:14,49.6668,-103.8511,24.19,97,100,3.36
364,Buala,SB,2022-02-09 17:03:37,-8.145,159.5921,79.32,83,97,9.53
365,Bodden Town,KY,2022-02-09 17:03:37,19.2833,-81.25,82.92,70,11,5.99
366,Namibe,AO,2022-02-09 17:00:41,-15.1961,12.1522,75.65,75,100,16.13
367,Egvekinot,RU,2022-02-09 17:03:38,66.3167,-179.1667,-20.92,78,41,9.19
368,Inirida,CO,2022-02-09 17:03:38,3.8653,-67.9239,81.5,71,100,3.44
369,Iquique,CL,2022-02-09 17:00:41,-20.2208,-70.1431,70.74,68,4,4.5
370,Selenduma,RU,2022-02-09 17:03:39,50.9131,106.2406,-1.73,92,100,3.11
371,Balabac,PH,2022-02-09 17:04:39,7.9868,117.0645,80.4,81,100,16.58
372,Sanmenxia,CN,2022-02-09 17:04:40,34.7747,111.1814,36.03,56,0,1.66
373,Changtu,CN,2022-02-09 17:04:40,42.7788,124.0955,23.77,69,50,5.86
374,Bouar,CF,2022-02-09 17:04:41,5.934,15.596,79.54,16,85,3.85
375,Mortka,RU,2022-02-09 17:04:41,59.3322,66.0214,6.6,97,72,6.11
376,Stanger,ZA,2022-02-09 17:04:42,-29.3282,31.2895,78.91,84,0,1.59
377,Trairi,BR,2022-02-09 17:04:42,-3.2778,-39.2689,85.05,63,76,10.78
378,Blama,SL,2022-02-09 17:04:43,7.8736,-11.3433,95.27,31,41,4.59
379,Aykhal,RU,2022-02-09 17:01:08,66.0,111.5,-10.01,83,99,3.33
380,Solton,RU,2022-02-09 17:04:43,52.8429,86.4787,-6.88,98,53,3.36
381,Belmonte,BR,2022-02-09 17:04:44,-15.8631,-38.8828,86.5,63,14,9.42
382,Souillac,MU,2022-02-09 17:01:04,-20.5167,57.5167,79.18,78,40,3.44
383,Aripuana,BR,2022-02-09 17:04:44,-9.1667,-60.6333,78.24,87,100,3.15
384,Marawi,PH,2022-02-09 17:04:45,7.9986,124.2928,67.64,95,95,1.5
385,Mount Gambier,AU,2022-02-09 17:04:45,-37.8333,140.7667,55.13,90,92,3.76
386,Gat,IL,2022-02-09 17:04:46,31.61,34.7642,56.08,100,68,15.28
387,Camana,PE,2022-02-09 17:04:46,-16.6228,-72.7111,74.89,64,16,9.17
388,Monte Azul,BR,2022-02-09 17:04:47,-15.155,-42.8747,83.84,64,89,4.45
389,Sitka,US,2022-02-09 17:04:47,57.0531,-135.33,46.29,87,100,13.8
390,Jashpurnagar,IN,2022-02-09 17:04:48,22.9,84.15,63.07,42,62,3.06
391,Winnemucca,US,2022-02-09 17:04:48,40.973,-117.7357,33.85,60,0,0.0
392,Derzhavinsk,KZ,2022-02-09 17:04:49,51.1,66.3167,15.33,97,94,5.37
393,Belluno,IT,2022-02-09 17:04:49,46.145,12.2214,47.64,44,2,1.99
394,Olafsvik,IS,2022-02-09 17:04:50,64.8945,-23.7142,27.18,45,100,15.32
395,Pontian Kecil,MY,2022-02-09 17:04:50,1.4801,103.3899,77.27,90,99,5.37
396,Monywa,MM,2022-02-09 17:04:51,22.1167,95.1333,67.06,40,6,1.59
397,Loandjili,CG,2022-02-09 17:04:51,-4.7561,11.8578,79.68,78,25,8.95
398,Ramnagar,IN,2022-02-09 17:04:52,29.4,79.1167,50.56,90,26,3.42
399,Cabo San Lucas,MX,2022-02-09 17:03:09,22.8909,-109.9124,74.05,41,1,3.11
400,Mirnyy,RU,2022-02-09 17:04:52,62.5353,113.9611,-19.16,100,100,2.82
401,Imbituba,BR,2022-02-09 17:02:27,-28.24,-48.6703,75.79,69,37,9.31
402,Raudeberg,NO,2022-02-09 17:04:53,61.9875,5.1352,41.2,85,85,14.0
403,Kirkwall,GB,2022-02-09 17:04:54,58.9848,-2.9587,35.94,87,75,31.07
404,Lienz,AT,2022-02-09 17:04:55,46.8289,12.769,44.89,74,8,5.03
405,Sambava,MG,2022-02-09 17:04:55,-14.2667,50.1667,78.6,86,12,1.92
406,Faanui,PF,2022-02-09 17:04:56,-16.4833,-151.75,80.56,78,71,15.77
407,Vaitape,PF,2022-02-09 17:04:56,-16.5167,-151.75,80.6,78,70,15.77
408,Aklavik,CA,2022-02-09 17:04:56,68.2191,-135.0107,-22.65,97,100,12.66
409,Madhupur,IN,2022-02-09 17:04:57,24.25,86.65,68.22,51,54,6.31
410,Malanje,AO,2022-02-09 17:04:57,-9.5402,16.341,71.22,67,34,5.32
411,Portland,US,2022-02-09 17:02:13,45.5234,-122.6762,49.37,90,75,1.01
412,Port Hardy,CA,2022-02-09 17:04:58,50.6996,-127.4199,46.76,95,100,10.45
413,Inhambane,MZ,2022-02-09 17:04:58,-23.865,35.3833,80.58,78,20,4.61
414,Mehamn,NO,2022-02-09 17:05:59,71.0357,27.8492,24.98,79,0,25.32
415,Takoradi,GH,2022-02-09 17:05:59,4.8845,-1.7554,82.44,73,37,10.42
416,Gallup,US,2022-02-09 17:06:00,35.5281,-108.7426,39.96,36,0,1.01
417,Homer,US,2022-02-09 17:04:31,59.6425,-151.5483,21.09,86,100,3.44
418,Rincon,US,2022-02-09 17:06:00,32.296,-81.2354,57.38,43,0,1.01
419,Hasan Abdal,PK,2022-02-09 17:06:01,30.4333,72.7,56.86,39,46,6.76
420,Muyezerskiy,RU,2022-02-09 17:01:12,63.9333,31.65,24.12,91,99,10.29
421,Rabaul,PG,2022-02-09 17:06:02,-4.1967,152.1721,80.51,77,64,3.15
422,Umm Bab,QA,2022-02-09 17:06:02,25.2142,50.8072,62.1,65,0,7.72
423,Coromandel,BR,2022-02-09 17:06:02,-18.4733,-47.2003,74.86,79,99,4.14
424,Luba,GQ,2022-02-09 17:06:03,3.4568,8.5547,81.88,76,22,9.69
425,Sayyan,YE,2022-02-09 17:06:04,15.1718,44.3244,57.38,35,15,4.85
426,Sayat,TM,2022-02-09 17:06:04,38.7839,63.8803,50.22,47,100,10.89
427,Safaga,EG,2022-02-09 17:06:05,26.7292,33.9365,68.52,36,0,15.95
428,Otjimbingwe,NA,2022-02-09 17:06:05,-22.35,16.1333,79.02,58,81,10.69
429,Mastic Beach,US,2022-02-09 17:06:06,40.7668,-72.8521,43.95,59,0,6.91
430,Arys,KZ,2022-02-09 17:06:07,42.4252,68.795,34.02,64,51,6.67
431,Loiza,PR,2022-02-09 17:06:07,18.4313,-65.8802,84.87,65,40,14.97
432,Preobrazheniye,RU,2022-02-09 17:06:07,42.9019,133.9064,25.14,74,26,5.64
433,Saravan,AM,2022-02-09 17:06:08,39.7196,45.6483,34.45,82,43,6.71
434,Ondjiva,AO,2022-02-09 17:06:08,-17.0667,15.7333,74.95,64,98,5.46
435,Dordrecht,NL,2022-02-09 17:06:09,51.81,4.6736,51.31,79,100,5.01
436,Khakhea,BW,2022-02-09 17:06:09,-24.6895,23.494,80.6,45,66,12.77
437,Price,US,2022-02-09 17:03:47,39.5994,-110.8107,44.11,51,83,8.19
438,Baracoa,CU,2022-02-09 17:03:15,20.3467,-74.4958,83.77,59,0,4.25
439,Taloqan,AF,2022-02-09 17:06:10,36.7361,69.5345,42.31,59,100,5.61
440,Bathsheba,BB,2022-02-09 17:06:10,13.2167,-59.5167,79.12,72,47,19.06
441,Porto Walter,BR,2022-02-09 17:06:11,-8.2686,-72.7439,72.43,99,100,2.26
442,Gewane,ET,2022-02-09 17:06:11,10.1664,40.6453,84.92,24,1,13.44
443,Coquimbo,CL,2022-02-09 17:04:40,-29.9533,-71.3436,65.93,82,100,10.36
444,Riyadh,SA,2022-02-09 17:02:41,24.6877,46.7219,64.08,23,0,8.66
445,Rivadavia,AR,2022-02-09 17:06:12,-33.1905,-68.4608,92.8,21,8,16.15
446,San Antonio,US,2022-02-09 17:01:54,29.4241,-98.4936,66.38,43,0,14.97
447,Tahta,EG,2022-02-09 17:06:13,26.7693,31.5021,60.39,38,0,18.39
448,Karratha,AU,2022-02-09 17:06:14,-20.7377,116.8463,85.41,65,45,3.42
449,Tansen,NP,2022-02-09 17:06:14,27.8673,83.5467,46.29,91,97,4.72
450,Husavik,IS,2022-02-09 17:06:14,66.0449,-17.3389,23.72,67,100,16.42
451,Laguna,US,2022-02-09 17:06:15,38.421,-121.4238,65.21,84,0,1.01
452,Westport,US,2022-02-09 17:06:16,41.1415,-73.3579,44.44,56,0,1.99
453,Broken Hill,AU,2022-02-09 17:06:16,-31.95,141.4333,74.37,43,1,18.03
454,Changji,CN,2022-02-09 17:06:16,44.0167,87.3167,5.79,85,78,4.47
455,Goure,NE,2022-02-09 17:06:17,13.9835,10.2704,82.02,7,100,10.67
456,Tigil,RU,2022-02-09 17:06:17,57.8,158.6667,-11.16,100,40,1.86
457,Bat Khela,PK,2022-02-09 17:07:18,34.6167,71.9714,48.92,46,5,4.92
458,Kalabo,ZM,2022-02-09 17:07:19,-14.97,22.6814,71.49,86,85,5.53
459,Taoudenni,ML,2022-02-09 17:07:19,22.6783,-3.9836,81.25,9,4,14.76
460,Revelstoke,CA,2022-02-09 17:07:20,50.9832,-118.2023,32.02,100,100,0.0
461,Gigmoto,PH,2022-02-09 17:07:20,13.7796,124.39,76.08,83,96,9.42
462,Fairbanks,US,2022-02-09 17:03:09,64.8378,-147.7164,-6.39,75,100,3.44
463,Saint George,US,2022-02-09 17:07:21,37.1041,-113.5841,56.35,33,0,0.0
464,Sarkand,KZ,2022-02-09 17:07:21,45.41,79.9186,23.77,97,100,1.01
465,Shelburne,CA,2022-02-09 17:02:57,44.0787,-80.2041,36.9,81,100,16.33
466,Nemuro,JP,2022-02-09 17:07:22,43.3236,145.575,21.38,76,11,8.23
467,Lappeenranta,FI,2022-02-09 17:05:22,61.0587,28.1887,32.05,94,100,11.5
468,Tazovskiy,RU,2022-02-09 17:07:23,67.4667,78.7,-2.29,95,86,12.03
469,Murcia,ES,2022-02-09 17:07:23,38.0,-1.5,56.77,59,1,6.67
470,Petropavlovsk-Kamchatskiy,RU,2022-02-09 17:07:24,53.0452,158.6483,19.99,100,75,2.24
471,Sarahan,IN,2022-02-09 17:07:24,31.5167,77.8,26.64,70,48,8.59
472,Lodja,CD,2022-02-09 17:07:25,-3.4833,23.4333,71.67,96,98,5.1
473,Ayan,RU,2022-02-09 17:07:25,56.45,138.1667,10.72,78,100,8.12
474,Kurilsk,RU,2022-02-09 17:07:26,45.2333,147.8833,22.62,80,99,14.58
475,Santo Antonio Do Ica,BR,2022-02-09 17:07:26,-3.1022,-67.9397,78.55,89,99,2.8
476,Pouebo,NC,2022-02-09 17:07:26,-20.4,164.5667,79.47,89,100,10.36
477,Ilo,PE,2022-02-09 17:07:27,-17.6394,-71.3375,74.26,73,0,13.8
478,Homa Bay,KE,2022-02-09 17:07:27,-0.5273,34.4571,72.46,67,98,3.22
479,Emerald,AU,2022-02-09 17:07:28,-23.5333,148.1667,72.34,71,34,13.02
480,Hovd,MN,2022-02-09 17:07:28,48.0056,91.6419,-5.17,97,100,1.07
481,Bermeo,ES,2022-02-09 17:07:29,43.4209,-2.7215,62.91,67,0,6.13
482,Nola,IT,2022-02-09 17:07:29,40.922,14.5329,56.55,51,0,3.0
483,Xining,CN,2022-02-09 17:07:29,36.6167,101.7667,15.57,85,87,1.19
484,Seoul,KR,2022-02-09 17:06:13,37.5683,126.9778,27.91,38,100,2.42
485,Talgar,KZ,2022-02-09 17:07:30,43.3027,77.2395,24.96,93,40,4.47
486,Eloszallas,HU,2022-02-09 17:07:31,46.8309,18.8348,47.16,67,6,5.3
487,Kouroussa,GN,2022-02-09 17:07:31,10.65,-9.8833,96.12,9,49,6.98
488,Asau,RO,2022-02-09 17:07:32,46.4333,26.4,38.32,87,64,5.82
489,Lorengau,PG,2022-02-09 17:07:32,-2.0226,147.2712,80.8,81,51,4.56
490,Broome,US,2022-02-09 17:07:33,42.2506,-75.833,42.8,60,0,10.0
491,Tripoli,LY,2022-02-09 17:04:13,32.8752,13.1875,56.41,52,3,9.37
492,Kindu,CD,2022-02-09 17:07:33,-2.95,25.95,75.81,81,79,5.53
493,Chatrapur,IN,2022-02-09 17:07:34,19.35,84.9833,71.87,66,1,5.03
494,Bokoro,TD,2022-02-09 17:07:34,12.3807,17.0568,80.42,7,20,8.86
495,Jermuk,AM,2022-02-09 17:07:35,39.8417,45.6723,20.05,88,53,3.29
496,Henties Bay,NA,2022-02-09 17:07:35,-22.116,14.2845,70.86,82,10,5.23
497,Moron,AR,2022-02-09 17:07:36,-34.6534,-58.6198,81.95,55,0,5.88
498,Paita,PE,2022-02-09 17:07:36,-5.0892,-81.1144,82.96,63,100,7.47
499,Matay,EG,2022-02-09 17:07:36,28.419,30.7792,55.51,38,0,8.41
500,Garowe,SO,2022-02-09 17:05:16,8.4054,48.4845,74.88,45,10,22.5
501,Kadoma,JP,2022-02-09 17:07:37,34.7333,135.5833,42.78,60,100,4.76
502,Buchanan,LR,2022-02-09 17:07:38,5.8808,-10.0467,87.76,70,99,11.52
503,Kenai,US,2022-02-09 17:05:18,60.5544,-151.2583,19.15,93,100,5.75
504,Isilkul,RU,2022-02-09 17:08:38,54.9109,71.2728,-5.08,99,53,8.37
505,Puerto Ayacucho,VE,2022-02-09 17:08:39,5.6639,-67.6236,87.44,58,69,2.08
506,Belle Fourche,US,2022-02-09 17:08:39,44.6714,-103.8522,47.12,38,89,14.88
507,Vardo,NO,2022-02-09 17:06:01,70.3705,31.1107,26.58,86,75,16.11
508,Boddam,GB,2022-02-09 17:08:40,57.4667,-1.7833,39.58,66,7,18.88
509,Lethem,GY,2022-02-09 17:08:40,3.3803,-59.7968,96.26,29,95,8.3
510,Amalapuram,IN,2022-02-09 17:08:41,16.5833,82.0167,67.57,82,28,3.51
511,Rockhampton,AU,2022-02-09 17:08:41,-23.3833,150.5,69.69,88,0,0.0
512,Yaan,NG,2022-02-09 17:08:42,7.3833,8.5667,96.71,8,40,7.4
513,Christchurch,NZ,2022-02-09 17:08:42,-43.5333,172.6333,63.91,96,100,10.36
514,Joensuu,FI,2022-02-09 17:03:47,62.6012,29.7632,27.27,93,20,12.66
515,Nyurba,RU,2022-02-09 17:08:43,63.2842,118.3319,-31.85,100,100,1.63
516,Smithers,CA,2022-02-09 17:08:44,54.7804,-127.1743,36.91,98,100,1.86
517,Perigueux,FR,2022-02-09 17:08:44,45.1833,0.7167,58.41,64,7,4.79
518,Kielce,PL,2022-02-09 17:08:44,50.8703,20.6275,45.72,1,99,10.76
519,Rawson,AR,2022-02-09 17:08:45,-43.3002,-65.1023,71.51,53,100,7.34
520,Kutum,SD,2022-02-09 17:08:45,14.2,24.6667,69.4,11,7,9.93
521,Antequera,ES,2022-02-09 17:04:02,37.0194,-4.5612,55.18,63,0,6.46
522,Deputatskiy,RU,2022-02-09 17:08:46,69.3,139.9,-31.0,87,69,6.69
523,Puerto Carreno,CO,2022-02-09 17:08:47,6.189,-67.4859,92.32,44,53,1.79
524,Cockburn Town,TC,2022-02-09 17:08:47,21.4612,-71.1419,77.92,76,1,18.37
525,Nazareno,MX,2022-02-09 17:08:48,25.3833,-103.4167,50.5,29,4,2.46
526,Nishihara,JP,2022-02-09 17:08:48,26.1842,127.7558,61.88,77,75,5.75
527,Beloha,MG,2022-02-09 17:08:48,-25.1667,45.05,75.69,78,32,7.2
528,Borogontsy,RU,2022-02-09 17:08:49,62.6683,131.1683,-36.08,100,90,2.8
529,Binga,ZW,2022-02-09 17:08:49,-17.6203,27.3414,76.93,74,59,5.5
530,Borovskoy,KZ,2022-02-09 17:08:50,53.8,64.15,17.98,96,100,6.15
531,Ausa,ES,2022-02-09 17:08:50,41.9271,2.2497,55.27,65,18,4.61
532,Hope,US,2022-02-09 17:08:51,33.6671,-93.5916,59.07,43,1,4.68
533,Qostanay,KZ,2022-02-09 17:08:52,53.1667,63.5833,16.2,98,100,1.23
534,Dusetos,LT,2022-02-09 17:08:52,55.75,25.85,34.07,98,100,11.39
535,Sept-Iles,CA,2022-02-09 17:04:24,50.2001,-66.3821,35.06,78,86,1.99
536,Kushima,JP,2022-02-09 17:08:53,31.4583,131.2333,45.23,95,100,5.28
537,Bilma,NE,2022-02-09 17:08:53,18.6853,12.9164,74.37,6,0,10.49
538,Ola,RU,2022-02-09 17:08:54,59.5833,151.2833,-4.52,83,95,6.2
539,Pochutla,MX,2022-02-09 17:08:54,15.7432,-96.4661,85.82,49,1,4.85
540,Oranjestad,AW,2022-02-09 17:08:54,12.524,-70.027,79.21,75,81,18.81
541,Nicoya,CR,2022-02-09 17:08:55,10.1483,-85.452,89.15,37,29,13.06
542,Joshimath,IN,2022-02-09 17:08:55,30.5667,79.5667,32.11,72,85,7.4
543,Gilgit,PK,2022-02-09 17:08:56,35.9221,74.3087,26.69,71,27,2.91
544,Iquitos,PE,2022-02-09 17:08:56,-3.7481,-73.2472,80.64,78,75,4.61
545,Chara,RU,2022-02-09 17:08:57,56.9064,118.2631,-17.34,94,100,1.23
546,Sangmelima,CM,2022-02-09 17:08:57,2.9333,11.9833,84.67,31,69,1.83
547,Chabahar,IR,2022-02-09 17:09:58,25.2919,60.643,71.13,57,0,6.76
548,Sete Lagoas,BR,2022-02-09 17:09:58,-19.4658,-44.2467,74.28,78,97,4.18
549,Kruisfontein,ZA,2022-02-09 17:09:59,-34.0033,24.7314,70.88,66,0,9.8
550,Chumikan,RU,2022-02-09 17:09:59,54.7183,135.315,0.64,93,99,8.61
551,Tiverton,GB,2022-02-09 17:10:00,50.9,-3.4833,53.67,86,75,5.75
552,Puerto Maldonado,PE,2022-02-09 17:10:00,-12.6,-69.1833,88.2,62,40,4.61
553,Kifri,IQ,2022-02-09 17:10:01,34.6959,44.9661,57.63,51,37,8.9
554,Russell,US,2022-02-09 17:10:02,32.3502,-85.1999,58.96,39,0,0.0
555,Uruzgan,AF,2022-02-09 17:10:03,32.8333,66.0,36.52,45,0,6.22
556,Cariamanga,EC,2022-02-09 17:10:04,-4.3333,-79.55,62.56,72,96,4.92
557,Nome,US,2022-02-09 17:10:05,64.5011,-165.4064,-7.53,71,100,6.91
558,Phan Thiet,VN,2022-02-09 17:10:05,10.9333,108.1,74.89,82,50,10.33
559,Fort Nelson,CA,2022-02-09 17:10:06,58.8053,-122.7002,13.87,95,100,0.45
560,Koson,UZ,2022-02-09 17:10:06,39.0375,65.585,46.72,36,100,7.07
561,Shellbrook,CA,2022-02-09 17:10:07,53.2168,-106.4011,22.96,95,98,5.48
562,Luganville,VU,2022-02-09 17:10:07,-15.5333,167.1667,77.99,88,100,8.79
563,San Carlos,VE,2022-02-09 17:10:08,9.6612,-68.5827,92.37,43,97,1.25
564,Concepcion Del Oro,MX,2022-02-09 17:10:08,24.6333,-101.4167,49.84,32,1,3.31
565,La Asuncion,VE,2022-02-09 17:05:27,11.0333,-63.8628,80.24,64,67,10.87
566,Korem,ET,2022-02-09 17:10:09,12.5058,39.5228,57.02,43,28,5.57
567,Sale,MA,2022-02-09 17:10:09,34.0389,-6.8166,68.68,56,0,8.05
568,Atar,MR,2022-02-09 17:10:10,20.5169,-13.0499,88.59,6,4,16.37
569,Abu Dhabi,AE,2022-02-09 17:10:10,24.4667,54.3667,67.96,73,0,6.69
570,Cartagena,CO,2022-02-09 17:06:29,10.3997,-75.5144,92.82,55,40,5.75
571,Patrasaer,IN,2022-02-09 17:10:11,23.2167,87.5167,67.3,69,0,6.85
572,Harer,ET,2022-02-09 17:10:11,9.3094,42.1258,64.51,31,10,8.93
573,Kimparana,ML,2022-02-09 17:10:12,12.8347,-4.9244,95.27,8,2,9.75
574,Dali,CN,2022-02-09 17:10:12,25.7,100.1833,39.78,68,2,5.06
575,Sur,OM,2022-02-09 17:05:55,22.5667,59.5289,70.99,59,2,9.04
576,Bereda,ES,2022-02-09 17:10:13,43.2686,-7.5406,60.55,67,0,3.38
577,Turkan,AZ,2022-02-09 17:10:14,40.3639,50.215,51.98,62,0,20.71
578,Takab,IR,2022-02-09 17:10:14,36.4009,47.1133,21.61,72,49,2.91
579,Lucera,IT,2022-02-09 17:10:15,41.5082,15.3351,45.48,60,0,5.17
580,Chegdomyn,RU,2022-02-09 17:10:15,51.1167,133.0167,-5.1,99,100,0.74
581,Datong,CN,2022-02-09 17:10:16,40.0936,113.2914,22.17,50,0,4.65
582,Starodzhereliyevskaya,RU,2022-02-09 17:10:16,45.476,38.2968,35.29,74,100,8.19
583,Cintalapa,MX,2022-02-09 17:10:16,16.6951,-93.7272,61.54,91,100,5.3
584,Los Llanos De Aridane,ES,2022-02-09 17:10:17,28.6585,-17.9182,69.55,49,0,14.97
585,Kungalv,SE,2022-02-09 17:10:17,57.871,11.9805,42.12,76,62,7.0
586,Tubuala,PA,2022-02-09 17:10:18,9.5167,-79.0333,86.56,80,55,10.94
587,Gravelbourg,CA,2022-02-09 17:10:18,49.8834,-106.5512,30.0,95,100,6.38
588,Vizinga,RU,2022-02-09 17:10:19,61.0749,50.1031,18.7,93,100,11.43
589,Bumba,CD,2022-02-09 17:10:19,2.1833,22.4667,82.85,28,57,1.97
590,Eureka,US,2022-02-09 17:10:20,40.8021,-124.1637,65.01,57,81,5.82
591,Matane,CA,2022-02-09 17:10:20,48.8286,-67.522,28.18,89,99,10.65
